{"cameraMode":{"drawMode":0,"name":"Shaded","section":"Shading Mode"},"sceneLighting":false,"audioPlay":false,"sceneViewState":{"showFog":true,"showMaterialUpdate":false,"showSkybox":true,"showFlares":true,"showImageEffects":true,"showParticleSystems":true},"in2DMode":false,"pivot":{"x":1.4609181880950928,"y":-0.3611917495727539,"z":4.277791500091553},"rotation":{"x":-0.40192946791648867,"y":-0.3727354407310486,"z":0.1837809979915619,"w":-0.8166277408599854},"size":4.829473495483398,"orthographic":false}