{"cameraMode":{"drawMode":0,"name":"Shaded","section":"Shading Mode"},"sceneLighting":false,"audioPlay":false,"sceneViewState":{"showFog":true,"showMaterialUpdate":false,"showSkybox":true,"showFlares":true,"showImageEffects":true,"showParticleSystems":true},"in2DMode":false,"pivot":{"x":25.441787719726564,"y":9.474498748779297,"z":18.826988220214845},"rotation":{"x":-0.14119838178157807,"y":0.44746455550193789,"z":0.07507044821977616,"w":0.880418598651886},"size":21.217082977294923,"orthographic":false}