{"cameraMode":{"drawMode":0,"name":"Shaded","section":"Shading Mode"},"sceneLighting":false,"audioPlay":false,"sceneViewState":{"showFog":true,"showMaterialUpdate":false,"showSkybox":true,"showFlares":true,"showImageEffects":true,"showParticleSystems":true},"in2DMode":false,"pivot":{"x":0.2581702172756195,"y":-20.961830139160158,"z":2.277096748352051},"rotation":{"x":0.013172414153814316,"y":0.7111250162124634,"z":-0.7034503817558289,"w":0.011167271994054318},"size":19.67604637145996,"orthographic":false}