{"cameraMode":{"drawMode":0,"name":"Shaded","section":"Shading Mode"},"sceneLighting":false,"audioPlay":false,"sceneViewState":{"showFog":true,"showMaterialUpdate":false,"showSkybox":true,"showFlares":true,"showImageEffects":true,"showParticleSystems":true},"in2DMode":false,"pivot":{"x":-3.3601245880126955,"y":-9.619950294494629,"z":-35.29475784301758},"rotation":{"x":-0.008806377649307251,"y":0.9729383587837219,"z":-0.2288939505815506,"w":-0.043551329523324969},"size":38.56831741333008,"orthographic":false}