{"cameraMode":{"drawMode":0,"name":"Shaded","section":"Shading Mode"},"sceneLighting":false,"audioPlay":false,"sceneViewState":{"showFog":true,"showMaterialUpdate":false,"showSkybox":true,"showFlares":true,"showImageEffects":true,"showParticleSystems":true},"in2DMode":false,"pivot":{"x":33.81324005126953,"y":21.76183319091797,"z":87.30181121826172},"rotation":{"x":-0.10934749245643616,"y":0.1849924623966217,"z":0.021298633888363839,"w":0.9767016172409058},"size":51.68293380737305,"orthographic":false}