{"cameraMode":{"drawMode":0,"name":"Shaded","section":"Shading Mode"},"sceneLighting":false,"audioPlay":false,"sceneViewState":{"showFog":true,"showMaterialUpdate":false,"showSkybox":true,"showFlares":true,"showImageEffects":true,"showParticleSystems":true},"in2DMode":false,"pivot":{"x":19.557071685791017,"y":-34.38895797729492,"z":-14.905445098876954},"rotation":{"x":-0.1905135065317154,"y":-0.8056732416152954,"z":0.41656357049942019,"w":-0.3771883547306061},"size":25.287097930908204,"orthographic":false}