{"cameraMode":{"drawMode":0,"name":"Shaded","section":"Shading Mode"},"sceneLighting":false,"audioPlay":false,"sceneViewState":{"showFog":true,"showMaterialUpdate":false,"showSkybox":true,"showFlares":true,"showImageEffects":true,"showParticleSystems":true},"in2DMode":false,"pivot":{"x":0.010783195495605469,"y":1.6808891296386719,"z":6.981156349182129},"rotation":{"x":-0.02163146249949932,"y":-0.27340933680534365,"z":0.006213237997144461,"w":-0.9622265696525574},"size":6.9230637550354,"orthographic":false}