{"cameraMode":{"drawMode":0,"name":"Shaded","section":"Shading Mode"},"sceneLighting":false,"audioPlay":false,"sceneViewState":{"showFog":true,"showMaterialUpdate":false,"showSkybox":true,"showFlares":true,"showImageEffects":true,"showParticleSystems":true},"in2DMode":false,"pivot":{"x":2.2117483615875246,"y":-20.16231918334961,"z":0.05068536102771759},"rotation":{"x":-0.3819451928138733,"y":-0.5288442373275757,"z":0.2850368022918701,"w":-0.7029663324356079},"size":3.251370668411255,"orthographic":false}