{"cameraMode":{"drawMode":0,"name":"Shaded","section":"Shading Mode"},"sceneLighting":false,"audioPlay":false,"sceneViewState":{"showFog":true,"showMaterialUpdate":false,"showSkybox":true,"showFlares":true,"showImageEffects":true,"showParticleSystems":true},"in2DMode":false,"pivot":{"x":16.795082092285158,"y":-73.89661407470703,"z":-158.63734436035157},"rotation":{"x":-0.011253856122493744,"y":-0.9768009185791016,"z":0.20908236503601075,"w":-0.0494568832218647},"size":93.92454528808594,"orthographic":false}