{"cameraMode":{"drawMode":0,"name":"Shaded","section":"Shading Mode"},"sceneLighting":false,"audioPlay":false,"sceneViewState":{"showFog":true,"showMaterialUpdate":false,"showSkybox":true,"showFlares":true,"showImageEffects":true,"showParticleSystems":true},"in2DMode":false,"pivot":{"x":1.205294132232666,"y":-16.09552001953125,"z":13.691879272460938},"rotation":{"x":-0.4156857430934906,"y":-0.16538357734680177,"z":0.07838209718465805,"w":-0.8915542364120483},"size":13.870877265930176,"orthographic":false}