{"cameraMode":{"drawMode":0,"name":"Shaded","section":"Shading Mode"},"sceneLighting":false,"audioPlay":false,"sceneViewState":{"showFog":true,"showMaterialUpdate":false,"showSkybox":true,"showFlares":true,"showImageEffects":true,"showParticleSystems":true},"in2DMode":false,"pivot":{"x":-53.80611801147461,"y":-57.804988861083987,"z":-18.722593307495118},"rotation":{"x":-0.1997690498828888,"y":0.7760062217712402,"z":-0.3022027015686035,"w":-0.5172890424728394},"size":44.98419952392578,"orthographic":false}