{"cameraMode":{"drawMode":0,"name":"Shaded","section":"Shading Mode"},"sceneLighting":false,"audioPlay":false,"sceneViewState":{"showFog":true,"showMaterialUpdate":false,"showSkybox":true,"showFlares":true,"showImageEffects":true,"showParticleSystems":true},"in2DMode":false,"pivot":{"x":23.83800506591797,"y":-10.60096549987793,"z":10.118083953857422},"rotation":{"x":0.198613703250885,"y":0.5197688341140747,"z":-0.1242293044924736,"w":0.8218621015548706},"size":20.553895950317384,"orthographic":false}