{"cameraMode":{"drawMode":0,"name":"Shaded","section":"Shading Mode"},"sceneLighting":false,"audioPlay":false,"sceneViewState":{"showFog":true,"showMaterialUpdate":false,"showSkybox":true,"showFlares":true,"showImageEffects":true,"showParticleSystems":true},"in2DMode":false,"pivot":{"x":31.480165481567384,"y":-10.327969551086426,"z":40.388450622558597},"rotation":{"x":-0.08929803967475891,"y":-0.3345130383968353,"z":0.03511355444788933,"w":-0.9381341338157654},"size":28.220462799072267,"orthographic":false}