{"cameraMode":{"drawMode":0,"name":"Shaded","section":"Shading Mode"},"sceneLighting":false,"audioPlay":false,"sceneViewState":{"showFog":true,"showMaterialUpdate":false,"showSkybox":true,"showFlares":true,"showImageEffects":true,"showParticleSystems":true},"in2DMode":false,"pivot":{"x":33.31843948364258,"y":3.7598776817321779,"z":24.695568084716798},"rotation":{"x":0.04669521749019623,"y":-0.45965173840522768,"z":-0.020762620493769647,"w":-0.8873051404953003},"size":26.052709579467775,"orthographic":false}