{"cameraMode":{"drawMode":0,"name":"Shaded","section":"Shading Mode"},"sceneLighting":false,"audioPlay":false,"sceneViewState":{"showFog":true,"showMaterialUpdate":false,"showSkybox":true,"showFlares":true,"showImageEffects":true,"showParticleSystems":true},"in2DMode":false,"pivot":{"x":-14.97098445892334,"y":-69.51575469970703,"z":29.117263793945314},"rotation":{"x":-0.49630895256996157,"y":0.11446017771959305,"z":-0.06688785552978516,"w":-0.8582032918930054},"size":46.457763671875,"orthographic":false}