{"cameraMode":{"drawMode":0,"name":"Shaded","section":"Shading Mode"},"sceneLighting":false,"audioPlay":false,"sceneViewState":{"showFog":true,"showMaterialUpdate":false,"showSkybox":true,"showFlares":true,"showImageEffects":true,"showParticleSystems":true},"in2DMode":false,"pivot":{"x":-9.922670364379883,"y":0.6179059743881226,"z":4.916975021362305},"rotation":{"x":-0.009913689456880093,"y":0.5367763638496399,"z":-0.009573169983923436,"w":-0.8441773653030396},"size":9.453022003173829,"orthographic":false}