{"cameraMode":{"drawMode":0,"name":"Shaded","section":"Shading Mode"},"sceneLighting":false,"audioPlay":false,"sceneViewState":{"showFog":true,"showMaterialUpdate":false,"showSkybox":true,"showFlares":true,"showImageEffects":true,"showParticleSystems":true},"in2DMode":false,"pivot":{"x":-2.176107406616211,"y":-15.512226104736329,"z":-5.094430446624756},"rotation":{"x":-0.17539729177951814,"y":0.7746204137802124,"z":-0.5563148260116577,"w":-0.24605897068977357},"size":13.622034072875977,"orthographic":false}