{"cameraMode":{"drawMode":0,"name":"Shaded","section":"Shading Mode"},"sceneLighting":false,"audioPlay":false,"sceneViewState":{"showFog":true,"showMaterialUpdate":false,"showSkybox":true,"showFlares":true,"showImageEffects":true,"showParticleSystems":true},"in2DMode":false,"pivot":{"x":9.493274688720704,"y":-5.897265911102295,"z":6.485235214233398},"rotation":{"x":-0.08772964030504227,"y":0.4017249047756195,"z":0.038695234805345538,"w":0.911063015460968},"size":15.241846084594727,"orthographic":false}