{"cameraMode":{"drawMode":0,"name":"Shaded","section":"Shading Mode"},"sceneLighting":false,"audioPlay":false,"sceneViewState":{"showFog":true,"showMaterialUpdate":false,"showSkybox":true,"showFlares":true,"showImageEffects":true,"showParticleSystems":true},"in2DMode":false,"pivot":{"x":8.846437454223633,"y":-23.00209617614746,"z":-40.42219924926758},"rotation":{"x":-0.03674361854791641,"y":-0.9501351714134216,"z":0.28609806299209597,"w":-0.12150584161281586},"size":34.15293884277344,"orthographic":false}