{"cameraMode":{"drawMode":0,"name":"Shaded","section":"Shading Mode"},"sceneLighting":false,"audioPlay":false,"sceneViewState":{"showFog":true,"showMaterialUpdate":false,"showSkybox":true,"showFlares":true,"showImageEffects":true,"showParticleSystems":true},"in2DMode":false,"pivot":{"x":22.537986755371095,"y":15.618687629699707,"z":76.26922607421875},"rotation":{"x":0.02079939842224121,"y":-0.1498689353466034,"z":-0.0029570534825325014,"w":-0.9888220429420471},"size":43.21643829345703,"orthographic":false}