{"cameraMode":{"drawMode":0,"name":"Shaded","section":"Shading Mode"},"sceneLighting":false,"audioPlay":false,"sceneViewState":{"showFog":true,"showMaterialUpdate":false,"showSkybox":true,"showFlares":true,"showImageEffects":true,"showParticleSystems":true},"in2DMode":false,"pivot":{"x":4.36500358581543,"y":-1.5381711721420289,"z":-0.058741599321365359},"rotation":{"x":-0.21496737003326417,"y":0.6529365181922913,"z":-0.20297247171401978,"w":-0.6979514360427856},"size":4.377979278564453,"orthographic":false}