{"cameraMode":{"drawMode":0,"name":"Shaded","section":"Shading Mode"},"sceneLighting":false,"audioPlay":false,"sceneViewState":{"showFog":true,"showMaterialUpdate":false,"showSkybox":true,"showFlares":true,"showImageEffects":true,"showParticleSystems":true},"in2DMode":false,"pivot":{"x":60.402313232421878,"y":-20.470947265625,"z":26.02682876586914},"rotation":{"x":-0.11636925488710404,"y":-0.471687376499176,"z":0.06159988418221474,"w":-0.8722988963127136},"size":50.417640686035159,"orthographic":false}