{"cameraMode":{"drawMode":0,"name":"Shaded","section":"Shading Mode"},"sceneLighting":false,"audioPlay":false,"sceneViewState":{"showFog":true,"showMaterialUpdate":false,"showSkybox":true,"showFlares":true,"showImageEffects":true,"showParticleSystems":true},"in2DMode":false,"pivot":{"x":-3.344717025756836,"y":0.07961845397949219,"z":1.7492458820343018},"rotation":{"x":-0.21993984282016755,"y":0.6638850569725037,"z":-0.21842098236083985,"w":-0.6812623143196106},"size":5.487499713897705,"orthographic":false}