{"cameraMode":{"drawMode":0,"name":"Shaded","section":"Shading Mode"},"sceneLighting":false,"audioPlay":false,"sceneViewState":{"showFog":true,"showMaterialUpdate":false,"showSkybox":true,"showFlares":true,"showImageEffects":true,"showParticleSystems":true},"in2DMode":false,"pivot":{"x":9.913329124450684,"y":-29.00433349609375,"z":-18.17908477783203},"rotation":{"x":0.12284138053655625,"y":0.8555902242660523,"z":-0.44672518968582156,"w":0.23273701965808869},"size":25.504907608032228,"orthographic":false}