{"cameraMode":{"drawMode":0,"name":"Shaded","section":"Shading Mode"},"sceneLighting":false,"audioPlay":false,"sceneViewState":{"showFog":true,"showMaterialUpdate":false,"showSkybox":true,"showFlares":true,"showImageEffects":true,"showParticleSystems":true},"in2DMode":false,"pivot":{"x":38.196346282958987,"y":-64.73147583007813,"z":-67.31702423095703},"rotation":{"x":-0.09362256526947022,"y":-0.902114748954773,"z":0.3470057547092438,"w":-0.24029238522052766},"size":59.75946044921875,"orthographic":false}