{"cameraMode":{"drawMode":0,"name":"Shaded","section":"Shading Mode"},"sceneLighting":false,"audioPlay":false,"sceneViewState":{"showFog":true,"showMaterialUpdate":false,"showSkybox":true,"showFlares":true,"showImageEffects":true,"showParticleSystems":true},"in2DMode":false,"pivot":{"x":-14.412744522094727,"y":-1.2961292266845704,"z":3.784877300262451},"rotation":{"x":-0.10807235538959503,"y":0.6543667912483215,"z":-0.09674537181854248,"w":-0.7426921725273132},"size":9.637240409851075,"orthographic":false}