{"cameraMode":{"drawMode":0,"name":"Shaded","section":"Shading Mode"},"sceneLighting":false,"audioPlay":false,"sceneViewState":{"showFog":true,"showMaterialUpdate":false,"showSkybox":true,"showFlares":true,"showImageEffects":true,"showParticleSystems":true},"in2DMode":false,"pivot":{"x":10.548396110534668,"y":-0.3221254348754883,"z":-15.20395565032959},"rotation":{"x":-0.013145155273377896,"y":-0.9571458101272583,"z":0.0539964996278286,"w":-0.2863238453865051},"size":17.520654678344728,"orthographic":false}