{"cameraMode":{"drawMode":0,"name":"Shaded","section":"Shading Mode"},"sceneLighting":false,"audioPlay":false,"sceneViewState":{"showFog":true,"showMaterialUpdate":false,"showSkybox":true,"showFlares":true,"showImageEffects":true,"showParticleSystems":true},"in2DMode":false,"pivot":{"x":11.727399826049805,"y":-30.57014274597168,"z":-71.12860107421875},"rotation":{"x":0.015458616428077221,"y":0.9800665974617004,"z":-0.18585504591464997,"w":0.0754462406039238},"size":41.7749137878418,"orthographic":false}