{"cameraMode":{"drawMode":0,"name":"Shaded","section":"Shading Mode"},"sceneLighting":false,"audioPlay":false,"sceneViewState":{"showFog":true,"showMaterialUpdate":false,"showSkybox":true,"showFlares":true,"showImageEffects":true,"showParticleSystems":true},"in2DMode":false,"pivot":{"x":-27.942230224609376,"y":-17.481922149658204,"z":46.124366760253909},"rotation":{"x":0.1540839672088623,"y":-0.29033973813056948,"z":0.047919921576976779,"w":0.9436984062194824},"size":33.882301330566409,"orthographic":false}