{"cameraMode":{"drawMode":0,"name":"Shaded","section":"Shading Mode"},"sceneLighting":false,"audioPlay":false,"sceneViewState":{"showFog":true,"showMaterialUpdate":false,"showSkybox":true,"showFlares":true,"showImageEffects":true,"showParticleSystems":true},"in2DMode":false,"pivot":{"x":-5.094717025756836,"y":-0.7641854286193848,"z":-41.58202362060547},"rotation":{"x":-0.003921430092304945,"y":0.994935154914856,"z":-0.08983941376209259,"w":-0.054812852293252948},"size":48.87420654296875,"orthographic":false}