{"cameraMode":{"drawMode":0,"name":"Shaded","section":"Shading Mode"},"sceneLighting":false,"audioPlay":false,"sceneViewState":{"showFog":true,"showMaterialUpdate":false,"showSkybox":true,"showFlares":true,"showImageEffects":true,"showParticleSystems":true},"in2DMode":false,"pivot":{"x":1.4900339841842652,"y":0.9840388298034668,"z":1.7139852046966553},"rotation":{"x":0.20269039273262025,"y":0.578619658946991,"z":-0.15033674240112306,"w":0.776157557964325},"size":3.3738276958465578,"orthographic":false}