{"cameraMode":{"drawMode":0,"name":"Shaded","section":"Shading Mode"},"sceneLighting":false,"audioPlay":false,"sceneViewState":{"showFog":true,"showMaterialUpdate":false,"showSkybox":true,"showFlares":true,"showImageEffects":true,"showParticleSystems":true},"in2DMode":false,"pivot":{"x":16.746591567993165,"y":-7.4283342361450199,"z":-1.7756778001785279},"rotation":{"x":0.14560765027999879,"y":0.7014661431312561,"z":-0.14843599498271943,"w":0.6820814609527588},"size":16.29945945739746,"orthographic":false}